epidemiological_week,date,order_for_place,state,city,city_ibge_code,place_type,last_available_confirmed,last_available_confirmed_per_100k_inhabitants,new_confirmed,last_available_deaths,new_deaths,last_available_death_rate,estimated_population,is_last,is_repeated
202205,2022-01-31,707,SP,São Paulo,3550308,city,976214,7920.45131,0,39352,0,0.0403,12325232,False,True
202205,2022-01-30,706,SP,São Paulo,3550308,city,976214,7920.45131,0,39352,0,0.0403,12325232,False,True
202204,2022-01-29,705,SP,São Paulo,3550308,city,976214,7920.45131,0,39352,0,0.0403,12325232,False,True
202204,2022-01-28,704,SP,São Paulo,3550308,city,976214,7920.45131,0,39352,0,0.0403,12325232,False,True
202204,2022-01-27,703,SP,São Paulo,3550308,city,976214,7920.45131,0,39352,0,0.0403,12325232,False,True
202204,2022-01-26,702,SP,São Paulo,3550308,city,976214,7920.45131,0,39352,0,0.0403,12325232,False,True
202204,2022-01-25,701,SP,São Paulo,3550308,city,976214,7920.45131,0,39352,0,0.0403,12325232,False,True
202204,2022-01-24,700,SP,São Paulo,3550308,city,976214,7920.45131,0,39352,0,0.0403,12325232,False,True
202204,2022-01-23,699,SP,São Paulo,3550308,city,976214,7920.45131,0,39352,0,0.0403,12325232,False,True
202203,2022-01-22,698,SP,São Paulo,3550308,city,976214,7920.45131,0,39352,0,0.0403,12325232,False,True
202203,2022-01-21,697,SP,São Paulo,3550308,city,976214,7920.45131,0,39352,0,0.0403,12325232,False,True
202203,2022-01-20,696,SP,São Paulo,3550308,city,976214,7920.45131,0,39352,0,0.0403,12325232,False,True
202203,2022-01-19,695,SP,São Paulo,3550308,city,976214,7920.45131,0,39352,0,0.0403,12325232,False,True
202203,2022-01-18,694,SP,São Paulo,3550308,city,976214,7920.45131,0,39352,0,0.0403,12325232,False,True
202203,2022-01-17,693,SP,São Paulo,3550308,city,976214,7920.45131,0,39352,0,0.0403,12325232,False,True
202203,2022-01-16,692,SP,São Paulo,3550308,city,976214,7920.45131,0,39352,0,0.0403,12325232,False,True
202202,2022-01-15,691,SP,São Paulo,3550308,city,976214,7920.45131,0,39352,0,0.0403,12325232,False,True
202202,2022-01-14,690,SP,São Paulo,3550308,city,976214,7920.45131,0,39352,0,0.0403,12325232,False,True
202202,2022-01-13,689,SP,São Paulo,3550308,city,976214,7920.45131,0,39352,0,0.0403,12325232,False,True
202202,2022-01-12,688,SP,São Paulo,3550308,city,976214,7920.45131,0,39352,0,0.0403,12325232,False,True
202202,2022-01-11,687,SP,São Paulo,3550308,city,976214,7920.45131,0,39352,0,0.0403,12325232,False,True
202202,2022-01-10,686,SP,São Paulo,3550308,city,976214,7920.45131,0,39352,0,0.0403,12325232,False,True
202202,2022-01-09,685,SP,São Paulo,3550308,city,976214,7920.45131,0,39352,0,0.0403,12325232,False,True
202201,2022-01-08,684,SP,São Paulo,3550308,city,976214,7920.45131,0,39352,0,0.0403,12325232,False,True
202201,2022-01-07,683,SP,São Paulo,3550308,city,976214,7920.45131,0,39352,0,0.0403,12325232,False,True
202201,2022-01-06,682,SP,São Paulo,3550308,city,976214,7920.45131,0,39352,0,0.0403,12325232,False,True
202201,2022-01-05,681,SP,São Paulo,3550308,city,976214,7920.45131,0,39352,0,0.0403,12325232,False,True
202201,2022-01-04,680,SP,São Paulo,3550308,city,976214,7920.45131,0,39352,0,0.0403,12325232,False,True
202201,2022-01-03,679,SP,São Paulo,3550308,city,976214,7920.45131,0,39352,0,0.0403,12325232,False,True
202201,2022-01-02,678,SP,São Paulo,3550308,city,976214,7920.45131,0,39352,0,0.0403,12325232,False,True
202152,2022-01-01,677,SP,São Paulo,3550308,city,976214,7920.45131,0,39352,0,0.0403,12325232,False,True
202152,2021-12-31,676,SP,São Paulo,3550308,city,976214,7920.45131,0,39352,0,0.0403,12325232,False,True
202152,2021-12-30,675,SP,São Paulo,3550308,city,976214,7920.45131,0,39352,0,0.0403,12325232,False,True
202152,2021-12-29,674,SP,São Paulo,3550308,city,976214,7920.45131,0,39352,0,0.0403,12325232,False,True
202152,2021-12-28,673,SP,São Paulo,3550308,city,976214,7920.45131,0,39352,0,0.0403,12325232,False,True
202152,2021-12-27,672,SP,São Paulo,3550308,city,976214,7920.45131,0,39352,0,0.0403,12325232,False,True
202152,2021-12-26,671,SP,São Paulo,3550308,city,976214,7920.45131,0,39352,0,0.0403,12325232,False,True
202151,2021-12-25,670,SP,São Paulo,3550308,city,976214,7920.45131,0,39352,0,0.0403,12325232,False,True
202151,2021-12-24,669,SP,São Paulo,3550308,city,976214,7920.45131,0,39352,0,0.0403,12325232,False,True
202151,2021-12-23,668,SP,São Paulo,3550308,city,976214,7920.45131,0,39352,0,0.0403,12325232,False,True
202151,2021-12-22,667,SP,São Paulo,3550308,city,976214,7920.45131,0,39352,0,0.0403,12325232,False,True
202151,2021-12-21,666,SP,São Paulo,3550308,city,976214,7920.45131,0,39352,0,0.0403,12325232,False,True
202151,2021-12-20,665,SP,São Paulo,3550308,city,976214,7920.45131,0,39352,0,0.0403,12325232,False,True
202151,2021-12-19,664,SP,São Paulo,3550308,city,976214,7920.45131,0,39352,0,0.0403,12325232,False,True
202150,2021-12-18,663,SP,São Paulo,3550308,city,976214,7920.45131,0,39352,0,0.0403,12325232,False,True
202150,2021-12-17,662,SP,São Paulo,3550308,city,976214,7920.45131,0,39352,0,0.0403,12325232,False,True
202150,2021-12-16,661,SP,São Paulo,3550308,city,976214,7920.45131,0,39352,0,0.0403,12325232,False,True
202150,2021-12-15,660,SP,São Paulo,3550308,city,976214,7920.45131,0,39352,0,0.0403,12325232,False,True
202150,2021-12-14,659,SP,São Paulo,3550308,city,976214,7920.45131,0,39352,0,0.0403,12325232,False,True
202150,2021-12-13,658,SP,São Paulo,3550308,city,976214,7920.45131,0,39352,0,0.0403,12325232,False,True
202150,2021-12-12,657,SP,São Paulo,3550308,city,976214,7920.45131,0,39352,0,0.0403,12325232,False,True
202149,2021-12-11,656,SP,São Paulo,3550308,city,976214,7920.45131,0,39352,0,0.0403,12325232,False,True
202149,2021-12-10,655,SP,São Paulo,3550308,city,976214,7920.45131,0,39352,0,0.0403,12325232,False,True
202149,2021-12-09,654,SP,São Paulo,3550308,city,976214,7920.45131,0,39352,0,0.0403,12325232,False,True
202149,2021-12-08,653,SP,São Paulo,3550308,city,976214,7920.45131,0,39352,0,0.0403,12325232,False,True
202149,2021-12-07,652,SP,São Paulo,3550308,city,976214,7920.45131,0,39352,0,0.0403,12325232,False,True
202149,2021-12-06,651,SP,São Paulo,3550308,city,976214,7920.45131,1554,39352,194,0.0403,12325232,True,False
202149,2021-12-05,650,SP,São Paulo,3550308,city,974660,7907.84303,0,39158,0,0.0402,12325232,False,True
202148,2021-12-04,649,SP,São Paulo,3550308,city,974660,7907.84303,0,39158,0,0.0402,12325232,False,True
202148,2021-12-03,648,SP,São Paulo,3550308,city,974660,7907.84303,0,39158,0,0.0402,12325232,False,True
202148,2021-12-02,647,SP,São Paulo,3550308,city,974660,7907.84303,0,39158,0,0.0402,12325232,False,True
202148,2021-12-01,646,SP,São Paulo,3550308,city,974660,7907.84303,0,39158,0,0.0402,12325232,False,True
202148,2021-11-30,645,SP,São Paulo,3550308,city,974660,7907.84303,0,39158,0,0.0402,12325232,False,True
202148,2021-11-29,644,SP,São Paulo,3550308,city,974660,7907.84303,0,39158,0,0.0402,12325232,False,True
202148,2021-11-28,643,SP,São Paulo,3550308,city,974660,7907.84303,0,39158,0,0.0402,12325232,False,True
202147,2021-11-27,642,SP,São Paulo,3550308,city,974660,7907.84303,0,39158,0,0.0402,12325232,False,True
202147,2021-11-26,641,SP,São Paulo,3550308,city,974660,7907.84303,0,39158,0,0.0402,12325232,False,True
202147,2021-11-25,640,SP,São Paulo,3550308,city,974660,7907.84303,0,39158,0,0.0402,12325232,False,True
202147,2021-11-24,639,SP,São Paulo,3550308,city,974660,7907.84303,147,39158,17,0.0402,12325232,False,False
202147,2021-11-23,638,SP,São Paulo,3550308,city,974513,7906.65036,828,39141,73,0.0402,12325232,False,False
202147,2021-11-22,637,SP,São Paulo,3550308,city,973685,7899.93243,0,39068,0,0.0401,12325232,False,True
202147,2021-11-21,636,SP,São Paulo,3550308,city,973685,7899.93243,0,39068,0,0.0401,12325232,False,True
202146,2021-11-20,635,SP,São Paulo,3550308,city,973685,7899.93243,0,39068,0,0.0401,12325232,False,True
202146,2021-11-19,634,SP,São Paulo,3550308,city,973685,7899.93243,0,39068,0,0.0401,12325232,False,True
202146,2021-11-18,633,SP,São Paulo,3550308,city,973685,7899.93243,1399,39068,171,0.0401,12325232,False,False
202146,2021-11-17,632,SP,São Paulo,3550308,city,972286,7888.58173,0,38897,0,0.04,12325232,False,True
202146,2021-11-16,631,SP,São Paulo,3550308,city,972286,7888.58173,0,38897,0,0.04,12325232,False,True
202146,2021-11-15,630,SP,São Paulo,3550308,city,972286,7888.58173,0,38897,0,0.04,12325232,False,True
202146,2021-11-14,629,SP,São Paulo,3550308,city,972286,7888.58173,0,38897,0,0.04,12325232,False,True
202145,2021-11-13,628,SP,São Paulo,3550308,city,972286,7888.58173,0,38897,0,0.04,12325232,False,True
202145,2021-11-12,627,SP,São Paulo,3550308,city,972286,7888.58173,0,38897,0,0.04,12325232,False,True
202145,2021-11-11,626,SP,São Paulo,3550308,city,972286,7888.58173,439,38897,4,0.04,12325232,False,False
202145,2021-11-10,625,SP,São Paulo,3550308,city,971847,7885.01993,0,38893,0,0.04,12325232,False,True
202145,2021-11-09,624,SP,São Paulo,3550308,city,971847,7885.01993,185,38893,2,0.04,12325232,False,False
202145,2021-11-08,623,SP,São Paulo,3550308,city,971662,7883.51895,7,38891,0,0.04,12325232,False,False
202145,2021-11-07,622,SP,São Paulo,3550308,city,971655,7883.46215,818,38891,63,0.04,12325232,False,False
202144,2021-11-06,621,SP,São Paulo,3550308,city,970837,7876.82536,0,38828,0,0.04,12325232,False,True
202144,2021-11-05,620,SP,São Paulo,3550308,city,970837,7876.82536,0,38828,0,0.04,12325232,False,True
202144,2021-11-04,619,SP,São Paulo,3550308,city,970837,7876.82536,0,38828,0,0.04,12325232,False,True
202144,2021-11-03,618,SP,São Paulo,3550308,city,970837,7876.82536,414,38828,39,0.04,12325232,False,False
202144,2021-11-02,617,SP,São Paulo,3550308,city,970423,7873.4664,0,38789,0,0.04,12325232,False,True
202144,2021-11-01,616,SP,São Paulo,3550308,city,970423,7873.4664,0,38789,0,0.04,12325232,False,True
202144,2021-10-31,615,SP,São Paulo,3550308,city,970423,7873.4664,0,38789,0,0.04,12325232,False,True
202143,2021-10-30,614,SP,São Paulo,3550308,city,970423,7873.4664,0,38789,0,0.04,12325232,False,True
202143,2021-10-29,613,SP,São Paulo,3550308,city,970423,7873.4664,390,38789,41,0.04,12325232,False,False
202143,2021-10-28,612,SP,São Paulo,3550308,city,970033,7870.30216,259,38748,28,0.0399,12325232,False,False
202143,2021-10-27,611,SP,São Paulo,3550308,city,969774,7868.20078,170,38720,13,0.0399,12325232,False,False
202143,2021-10-26,610,SP,São Paulo,3550308,city,969604,7866.82149,353,38707,19,0.0399,12325232,False,False
202143,2021-10-25,609,SP,São Paulo,3550308,city,969251,7863.95745,479,38688,28,0.0399,12325232,False,False
202143,2021-10-24,608,SP,São Paulo,3550308,city,968772,7860.07111,0,38660,0,0.0399,12325232,False,True
202142,2021-10-23,607,SP,São Paulo,3550308,city,968772,7860.07111,0,38660,0,0.0399,12325232,False,True
202142,2021-10-22,606,SP,São Paulo,3550308,city,968772,7860.07111,373,38660,19,0.0399,12325232,False,False
202142,2021-10-21,605,SP,São Paulo,3550308,city,968399,7857.0448,475,38641,8,0.0399,12325232,False,False
202142,2021-10-20,604,SP,São Paulo,3550308,city,967924,7853.19092,440,38633,25,0.0399,12325232,False,False
202142,2021-10-19,603,SP,São Paulo,3550308,city,967484,7849.62101,376,38608,18,0.0399,12325232,False,False
202142,2021-10-18,602,SP,São Paulo,3550308,city,967108,7846.57035,361,38590,37,0.0399,12325232,False,False
202142,2021-10-17,601,SP,São Paulo,3550308,city,966747,7843.6414,0,38553,0,0.0399,12325232,False,True
202141,2021-10-16,600,SP,São Paulo,3550308,city,966747,7843.6414,0,38553,0,0.0399,12325232,False,True
202141,2021-10-15,599,SP,São Paulo,3550308,city,966747,7843.6414,327,38553,-3,0.0399,12325232,False,False
202141,2021-10-14,598,SP,São Paulo,3550308,city,966420,7840.98831,483,38556,17,0.0399,12325232,False,False
202141,2021-10-13,597,SP,São Paulo,3550308,city,965937,7837.06952,55,38539,5,0.0399,12325232,False,False
202141,2021-10-12,596,SP,São Paulo,3550308,city,965882,7836.62328,2373,38534,247,0.0399,12325232,False,False
202141,2021-10-11,595,SP,São Paulo,3550308,city,963509,7817.37009,0,38287,0,0.0397,12325232,False,True
202141,2021-10-10,594,SP,São Paulo,3550308,city,963509,7817.37009,0,38287,0,0.0397,12325232,False,True
202140,2021-10-09,593,SP,São Paulo,3550308,city,963509,7817.37009,0,38287,0,0.0397,12325232,False,True
202140,2021-10-08,592,SP,São Paulo,3550308,city,963509,7817.37009,0,38287,0,0.0397,12325232,False,True
202140,2021-10-07,591,SP,São Paulo,3550308,city,963509,7817.37009,0,38287,0,0.0397,12325232,False,True
202140,2021-10-06,590,SP,São Paulo,3550308,city,963509,7817.37009,0,38287,0,0.0397,12325232,False,True
202140,2021-10-05,589,SP,São Paulo,3550308,city,963509,7817.37009,0,38287,0,0.0397,12325232,False,True
202140,2021-10-04,588,SP,São Paulo,3550308,city,963509,7817.37009,0,38287,0,0.0397,12325232,False,True
202140,2021-10-03,587,SP,São Paulo,3550308,city,963509,7817.37009,0,38287,0,0.0397,12325232,False,True
202139,2021-10-02,586,SP,São Paulo,3550308,city,963509,7817.37009,0,38287,0,0.0397,12325232,False,True
202139,2021-10-01,585,SP,São Paulo,3550308,city,963509,7817.37009,658,38287,76,0.0397,12325232,False,False
202139,2021-09-30,584,SP,São Paulo,3550308,city,962851,7812.03145,0,38211,0,0.0397,12325232,False,True
202139,2021-09-29,583,SP,São Paulo,3550308,city,962851,7812.03145,232,38211,91,0.0397,12325232,False,False
202139,2021-09-28,582,SP,São Paulo,3550308,city,962619,7810.14913,843,38120,160,0.0396,12325232,False,False
202139,2021-09-27,581,SP,São Paulo,3550308,city,961776,7803.3095,0,37960,0,0.0395,12325232,False,True
202139,2021-09-26,580,SP,São Paulo,3550308,city,961776,7803.3095,0,37960,0,0.0395,12325232,False,True
202138,2021-09-25,579,SP,São Paulo,3550308,city,961776,7803.3095,0,37960,0,0.0395,12325232,False,True
202138,2021-09-24,578,SP,São Paulo,3550308,city,961776,7803.3095,408,37960,65,0.0395,12325232,False,False
202138,2021-09-23,577,SP,São Paulo,3550308,city,961368,7799.99922,294,37895,50,0.0394,12325232,False,False
202138,2021-09-22,576,SP,São Paulo,3550308,city,961074,7797.61387,340,37845,40,0.0394,12325232,False,False
202138,2021-09-21,575,SP,São Paulo,3550308,city,960734,7794.8553,391,37805,59,0.0394,12325232,False,False
202138,2021-09-20,574,SP,São Paulo,3550308,city,960343,7791.68295,77,37746,10,0.0393,12325232,False,False
202138,2021-09-19,573,SP,São Paulo,3550308,city,960266,7791.05821,8688,37736,140,0.0393,12325232,False,False
202137,2021-09-18,572,SP,São Paulo,3550308,city,951578,7720.56867,0,37596,0,0.0395,12325232,False,True
202137,2021-09-17,571,SP,São Paulo,3550308,city,951578,7720.56867,0,37596,0,0.0395,12325232,False,True
202137,2021-09-16,570,SP,São Paulo,3550308,city,951578,7720.56867,0,37596,0,0.0395,12325232,False,True
202137,2021-09-15,569,SP,São Paulo,3550308,city,951578,7720.56867,162,37596,45,0.0395,12325232,False,False
202137,2021-09-14,568,SP,São Paulo,3550308,city,951416,7719.25429,180,37551,53,0.0395,12325232,False,False
202137,2021-09-13,567,SP,São Paulo,3550308,city,951236,7717.79387,43,37498,6,0.0394,12325232,False,False
202137,2021-09-12,566,SP,São Paulo,3550308,city,951193,7717.44499,217,37492,46,0.0394,12325232,False,False
202136,2021-09-11,565,SP,São Paulo,3550308,city,950976,7715.68438,0,37446,0,0.0394,12325232,False,True
202136,2021-09-10,564,SP,São Paulo,3550308,city,950976,7715.68438,146,37446,44,0.0394,12325232,False,False
202136,2021-09-09,563,SP,São Paulo,3550308,city,950830,7714.49982,269,37402,43,0.0393,12325232,False,False
202136,2021-09-08,562,SP,São Paulo,3550308,city,950561,7712.3173,646,37359,2,0.0393,12325232,False,False
202136,2021-09-07,561,SP,São Paulo,3550308,city,949915,7707.07602,853,37357,10,0.0393,12325232,False,False
202136,2021-09-06,560,SP,São Paulo,3550308,city,949062,7700.15526,418,37347,6,0.0394,12325232,False,False
202136,2021-09-05,559,SP,São Paulo,3550308,city,948644,7696.76384,2041,37341,64,0.0394,12325232,False,False
202135,2021-09-04,558,SP,São Paulo,3550308,city,946603,7680.20432,0,37277,0,0.0394,12325232,False,True
202135,2021-09-03,557,SP,São Paulo,3550308,city,946603,7680.20432,1640,37277,58,0.0394,12325232,False,False
202135,2021-09-02,556,SP,São Paulo,3550308,city,944963,7666.89828,1305,37219,62,0.0394,12325232,False,False
202135,2021-09-01,555,SP,São Paulo,3550308,city,943658,7656.31024,1466,37157,52,0.0394,12325232,False,False
202135,2021-08-31,554,SP,São Paulo,3550308,city,942192,7644.41594,1900,37105,41,0.0394,12325232,False,False
202135,2021-08-30,553,SP,São Paulo,3550308,city,940292,7629.00041,554,37064,20,0.0394,12325232,False,False
202135,2021-08-29,552,SP,São Paulo,3550308,city,939738,7624.50557,2168,37044,47,0.0394,12325232,False,False
202134,2021-08-28,551,SP,São Paulo,3550308,city,937570,7606.91563,0,36997,0,0.0395,12325232,False,True
202134,2021-08-27,550,SP,São Paulo,3550308,city,937570,7606.91563,1694,36997,71,0.0395,12325232,False,False
202134,2021-08-26,549,SP,São Paulo,3550308,city,935876,7593.17147,1476,36926,39,0.0395,12325232,False,False
202134,2021-08-25,548,SP,São Paulo,3550308,city,934400,7581.19604,1366,36887,52,0.0395,12325232,False,False
202134,2021-08-24,547,SP,São Paulo,3550308,city,933034,7570.11308,1615,36835,63,0.0395,12325232,False,False
202134,2021-08-23,546,SP,São Paulo,3550308,city,931419,7557.00988,2283,36772,58,0.0395,12325232,False,False
202134,2021-08-22,545,SP,São Paulo,3550308,city,929136,7538.4869,0,36714,0,0.0395,12325232,False,True
202133,2021-08-21,544,SP,São Paulo,3550308,city,929136,7538.4869,0,36714,0,0.0395,12325232,False,True
202133,2021-08-20,543,SP,São Paulo,3550308,city,929136,7538.4869,1575,36714,60,0.0395,12325232,False,False
202133,2021-08-19,542,SP,São Paulo,3550308,city,927561,7525.70824,1484,36654,60,0.0395,12325232,False,False
202133,2021-08-18,541,SP,São Paulo,3550308,city,926077,7513.6679,1534,36594,142,0.0395,12325232,False,False
202133,2021-08-17,540,SP,São Paulo,3550308,city,924543,7501.22188,1361,36452,216,0.0394,12325232,False,False
202133,2021-08-16,539,SP,São Paulo,3550308,city,923182,7490.1795,590,36236,12,0.0393,12325232,False,False
202133,2021-08-15,538,SP,São Paulo,3550308,city,922592,7485.39257,649,36224,14,0.0393,12325232,False,False
202132,2021-08-14,537,SP,São Paulo,3550308,city,921943,7480.12695,1393,36210,102,0.0393,12325232,False,False
202132,2021-08-13,536,SP,São Paulo,3550308,city,920550,7468.82493,1674,36108,64,0.0392,12325232,False,False
202132,2021-08-12,535,SP,São Paulo,3550308,city,918876,7455.24303,1692,36044,87,0.0392,12325232,False,False
202132,2021-08-11,534,SP,São Paulo,3550308,city,917184,7441.5151,1298,35957,129,0.0392,12325232,False,False
202132,2021-08-10,533,SP,São Paulo,3550308,city,915886,7430.98385,1709,35828,100,0.0391,12325232,False,False
202132,2021-08-09,532,SP,São Paulo,3550308,city,914177,7417.11799,2572,35728,49,0.0391,12325232,False,False
202132,2021-08-08,531,SP,São Paulo,3550308,city,911605,7396.25023,0,35679,0,0.0391,12325232,False,True
202131,2021-08-07,530,SP,São Paulo,3550308,city,911605,7396.25023,0,35679,0,0.0391,12325232,False,True
202131,2021-08-06,529,SP,São Paulo,3550308,city,911605,7396.25023,3029,35679,81,0.0391,12325232,False,False
202131,2021-08-05,528,SP,São Paulo,3550308,city,908576,7371.67463,0,35598,0,0.0392,12325232,False,True
202131,2021-08-04,527,SP,São Paulo,3550308,city,908576,7371.67463,1907,35598,57,0.0392,12325232,False,False
202131,2021-08-03,526,SP,São Paulo,3550308,city,906669,7356.2023,1681,35541,85,0.0392,12325232,False,False
202131,2021-08-02,525,SP,São Paulo,3550308,city,904988,7342.56361,330,35456,3,0.0392,12325232,False,False
202131,2021-08-01,524,SP,São Paulo,3550308,city,904658,7339.88618,575,35453,3,0.0392,12325232,False,False
202130,2021-07-31,523,SP,São Paulo,3550308,city,904083,7335.22095,1630,35450,70,0.0392,12325232,False,False
202130,2021-07-30,522,SP,São Paulo,3550308,city,902453,7321.99605,5414,35380,192,0.0392,12325232,False,False
202130,2021-07-29,521,SP,São Paulo,3550308,city,897039,7278.0699,0,35188,0,0.0392,12325232,False,True
202130,2021-07-28,520,SP,São Paulo,3550308,city,897039,7278.0699,0,35188,0,0.0392,12325232,False,True
202130,2021-07-27,519,SP,São Paulo,3550308,city,897039,7278.0699,2121,35188,68,0.0392,12325232,False,False
202130,2021-07-26,518,SP,São Paulo,3550308,city,894918,7260.8613,0,35120,0,0.0392,12325232,False,True
202130,2021-07-25,517,SP,São Paulo,3550308,city,894918,7260.8613,1430,35120,65,0.0392,12325232,False,False
202129,2021-07-24,516,SP,São Paulo,3550308,city,893488,7249.25908,0,35055,0,0.0392,12325232,False,True
202129,2021-07-23,515,SP,São Paulo,3550308,city,893488,7249.25908,2126,35055,79,0.0392,12325232,False,False
202129,2021-07-22,514,SP,São Paulo,3550308,city,891362,7232.00991,2060,34976,90,0.0392,12325232,False,False
202129,2021-07-21,513,SP,São Paulo,3550308,city,889302,7215.29623,2706,34886,77,0.0392,12325232,False,False
202129,2021-07-20,512,SP,São Paulo,3550308,city,886596,7193.34127,830,34809,92,0.0393,12325232,False,False
202129,2021-07-19,511,SP,São Paulo,3550308,city,885766,7186.60712,589,34717,29,0.0392,12325232,False,False
202129,2021-07-18,510,SP,São Paulo,3550308,city,885177,7181.8283,294,34688,3,0.0392,12325232,False,False
202128,2021-07-17,509,SP,São Paulo,3550308,city,884883,7179.44295,2164,34685,81,0.0392,12325232,False,False
202128,2021-07-16,508,SP,São Paulo,3550308,city,882719,7161.88547,1623,34604,81,0.0392,12325232,False,False
202128,2021-07-15,507,SP,São Paulo,3550308,city,881096,7148.71736,1780,34523,78,0.0392,12325232,False,False
202128,2021-07-14,506,SP,São Paulo,3550308,city,879316,7134.27544,2469,34445,70,0.0392,12325232,False,False
202128,2021-07-13,505,SP,São Paulo,3550308,city,876847,7114.24337,1487,34375,103,0.0392,12325232,False,False
202128,2021-07-12,504,SP,São Paulo,3550308,city,875360,7102.17869,528,34272,14,0.0392,12325232,False,False
202128,2021-07-11,503,SP,São Paulo,3550308,city,874832,7097.89479,1013,34258,8,0.0392,12325232,False,False
202127,2021-07-10,502,SP,São Paulo,3550308,city,873819,7089.67588,711,34250,7,0.0392,12325232,False,False
202127,2021-07-09,501,SP,São Paulo,3550308,city,873108,7083.90722,2494,34243,80,0.0392,12325232,False,False
202127,2021-07-08,500,SP,São Paulo,3550308,city,870614,7063.67231,2230,34163,119,0.0392,12325232,False,False
202127,2021-07-07,499,SP,São Paulo,3550308,city,868384,7045.57934,2184,34044,88,0.0392,12325232,False,False
202127,2021-07-06,498,SP,São Paulo,3550308,city,866200,7027.8596,2619,33956,136,0.0392,12325232,False,False
202127,2021-07-05,497,SP,São Paulo,3550308,city,863581,7006.6105,490,33820,14,0.0392,12325232,False,False
202127,2021-07-04,496,SP,São Paulo,3550308,city,863091,7002.63492,706,33806,8,0.0392,12325232,False,False
202126,2021-07-03,495,SP,São Paulo,3550308,city,862385,6996.90683,2654,33798,85,0.0392,12325232,False,False
202126,2021-07-02,494,SP,São Paulo,3550308,city,859731,6975.37377,2413,33713,110,0.0392,12325232,False,False
202126,2021-07-01,493,SP,São Paulo,3550308,city,857318,6955.79605,2155,33603,93,0.0392,12325232,False,False
202126,2021-06-30,492,SP,São Paulo,3550308,city,855163,6938.31159,4002,33510,245,0.0392,12325232,False,False
202126,2021-06-29,491,SP,São Paulo,3550308,city,851161,6905.84161,0,33265,0,0.0391,12325232,False,True
202126,2021-06-28,490,SP,São Paulo,3550308,city,851161,6905.84161,568,33265,11,0.0391,12325232,False,False
202126,2021-06-27,489,SP,São Paulo,3550308,city,850593,6901.23318,1095,33254,8,0.0391,12325232,False,False
202125,2021-06-26,488,SP,São Paulo,3550308,city,849498,6892.34896,2511,33246,96,0.0391,12325232,False,False
202125,2021-06-25,487,SP,São Paulo,3550308,city,846987,6871.97612,3038,33150,140,0.0391,12325232,False,False
202125,2021-06-24,486,SP,São Paulo,3550308,city,843949,6847.3275,2808,33010,145,0.0391,12325232,False,False
202125,2021-06-23,485,SP,São Paulo,3550308,city,841141,6824.54497,3172,32865,118,0.0391,12325232,False,False
202125,2021-06-22,484,SP,São Paulo,3550308,city,837969,6798.80914,3720,32747,164,0.0391,12325232,False,False
202125,2021-06-21,483,SP,São Paulo,3550308,city,834249,6768.62715,926,32583,11,0.0391,12325232,False,False
202125,2021-06-20,482,SP,São Paulo,3550308,city,833323,6761.11411,1686,32572,19,0.0391,12325232,False,False
202124,2021-06-19,481,SP,São Paulo,3550308,city,831637,6747.43486,2900,32553,139,0.0391,12325232,False,False
202124,2021-06-18,480,SP,São Paulo,3550308,city,828737,6723.90589,6862,32414,283,0.0391,12325232,False,False
202124,2021-06-17,479,SP,São Paulo,3550308,city,821875,6668.23148,0,32131,0,0.0391,12325232,False,True
202124,2021-06-16,478,SP,São Paulo,3550308,city,821875,6668.23148,3580,32131,187,0.0391,12325232,False,False
202124,2021-06-15,477,SP,São Paulo,3550308,city,818295,6639.18537,4584,31944,165,0.039,12325232,False,False
202124,2021-06-14,476,SP,São Paulo,3550308,city,813711,6601.99337,0,31779,0,0.0391,12325232,False,True
202124,2021-06-13,475,SP,São Paulo,3550308,city,813711,6601.99337,1198,31779,14,0.0391,12325232,False,False
202123,2021-06-12,474,SP,São Paulo,3550308,city,812513,6592.27348,3307,31765,95,0.0391,12325232,False,False
202123,2021-06-11,473,SP,São Paulo,3550308,city,809206,6565.44234,3484,31670,109,0.0391,12325232,False,False
202123,2021-06-10,472,SP,São Paulo,3550308,city,805722,6537.17512,3490,31561,125,0.0392,12325232,False,False
202123,2021-06-09,471,SP,São Paulo,3550308,city,802232,6508.85922,934,31436,95,0.0392,12325232,False,False
202123,2021-06-08,470,SP,São Paulo,3550308,city,801298,6501.28127,1331,31341,114,0.0391,12325232,False,False
202123,2021-06-07,469,SP,São Paulo,3550308,city,799967,6490.48229,748,31227,21,0.039,12325232,False,False
202123,2021-06-06,468,SP,São Paulo,3550308,city,799219,6484.41344,1616,31206,19,0.039,12325232,False,False
202122,2021-06-05,467,SP,São Paulo,3550308,city,797603,6471.30212,3257,31187,195,0.0391,12325232,False,False
202122,2021-06-04,466,SP,São Paulo,3550308,city,794346,6444.87666,1083,30992,14,0.039,12325232,False,False
202122,2021-06-03,465,SP,São Paulo,3550308,city,793263,6436.0898,3499,30978,90,0.0391,12325232,False,False
202122,2021-06-02,464,SP,São Paulo,3550308,city,789764,6407.70089,6573,30888,292,0.0391,12325232,False,False
202122,2021-06-01,463,SP,São Paulo,3550308,city,783191,6354.37126,0,30596,0,0.0391,12325232,False,True
202122,2021-05-31,462,SP,São Paulo,3550308,city,783191,6354.37126,996,30596,20,0.0391,12325232,False,False
202122,2021-05-30,461,SP,São Paulo,3550308,city,782195,6346.29028,1520,30576,10,0.0391,12325232,False,False
202121,2021-05-29,460,SP,São Paulo,3550308,city,780675,6333.95785,2125,30566,90,0.0392,12325232,False,False
202121,2021-05-28,459,SP,São Paulo,3550308,city,778550,6316.7168,431,30476,136,0.0391,12325232,False,False
202121,2021-05-27,458,SP,São Paulo,3550308,city,778119,6313.21991,2318,30340,148,0.039,12325232,False,False
202121,2021-05-26,457,SP,São Paulo,3550308,city,775801,6294.41296,3298,30192,109,0.0389,12325232,False,False
202121,2021-05-25,456,SP,São Paulo,3550308,city,772503,6267.65484,2737,30083,203,0.0389,12325232,False,False
202121,2021-05-24,455,SP,São Paulo,3550308,city,769766,6245.44836,898,29880,14,0.0388,12325232,False,False
202121,2021-05-23,454,SP,São Paulo,3550308,city,768868,6238.16249,914,29866,10,0.0388,12325232,False,False
202120,2021-05-22,453,SP,São Paulo,3550308,city,767954,6230.74681,3164,29856,89,0.0389,12325232,False,False
202120,2021-05-21,452,SP,São Paulo,3550308,city,764790,6205.0759,2904,29767,118,0.0389,12325232,False,False
202120,2021-05-20,451,SP,São Paulo,3550308,city,761886,6181.51447,3067,29649,131,0.0389,12325232,False,False
202120,2021-05-19,450,SP,São Paulo,3550308,city,758819,6156.63056,2830,29518,182,0.0389,12325232,False,False
202120,2021-05-18,449,SP,São Paulo,3550308,city,755989,6133.66953,2621,29336,190,0.0388,12325232,False,False
202120,2021-05-17,448,SP,São Paulo,3550308,city,753368,6112.40421,2254,29146,44,0.0387,12325232,False,False
202120,2021-05-16,447,SP,São Paulo,3550308,city,751114,6094.11652,0,29102,0,0.0387,12325232,False,True
202119,2021-05-15,446,SP,São Paulo,3550308,city,751114,6094.11652,2732,29102,108,0.0387,12325232,False,False
202119,2021-05-14,445,SP,São Paulo,3550308,city,748382,6071.95061,3248,28994,119,0.0387,12325232,False,False
202119,2021-05-13,444,SP,São Paulo,3550308,city,745134,6045.59817,2505,28875,111,0.0388,12325232,False,False
202119,2021-05-12,443,SP,São Paulo,3550308,city,742629,6025.27401,2808,28764,181,0.0387,12325232,False,False
202119,2021-05-11,442,SP,São Paulo,3550308,city,739821,6002.49147,2941,28583,219,0.0386,12325232,False,False
202119,2021-05-10,441,SP,São Paulo,3550308,city,736880,5978.62985,538,28364,17,0.0385,12325232,False,False
202119,2021-05-09,440,SP,São Paulo,3550308,city,736342,5974.26483,1285,28347,38,0.0385,12325232,False,False
202118,2021-05-08,439,SP,São Paulo,3550308,city,735057,5963.83906,1998,28309,178,0.0385,12325232,False,False
202118,2021-05-07,438,SP,São Paulo,3550308,city,733059,5947.62841,2513,28131,143,0.0384,12325232,False,False
202118,2021-05-06,437,SP,São Paulo,3550308,city,730546,5927.23934,2400,27988,100,0.0383,12325232,False,False
202118,2021-05-05,436,SP,São Paulo,3550308,city,728146,5907.76709,2599,27888,145,0.0383,12325232,False,False
202118,2021-05-04,435,SP,São Paulo,3550308,city,725547,5886.68027,2724,27743,178,0.0382,12325232,False,False
202118,2021-05-03,434,SP,São Paulo,3550308,city,722823,5864.57926,650,27565,35,0.0381,12325232,False,False
202118,2021-05-02,433,SP,São Paulo,3550308,city,722173,5859.30553,3512,27530,162,0.0381,12325232,False,False
202117,2021-05-01,432,SP,São Paulo,3550308,city,718661,5830.81114,0,27368,0,0.0381,12325232,False,True
202117,2021-04-30,431,SP,São Paulo,3550308,city,718661,5830.81114,3036,27368,116,0.0381,12325232,False,False
202117,2021-04-29,430,SP,São Paulo,3550308,city,715625,5806.17874,3102,27252,160,0.0381,12325232,False,False
202117,2021-04-28,429,SP,São Paulo,3550308,city,712523,5781.01086,3888,27092,177,0.038,12325232,False,False
202117,2021-04-27,428,SP,São Paulo,3550308,city,708635,5749.46581,3637,26915,244,0.038,12325232,False,False
202117,2021-04-26,427,SP,São Paulo,3550308,city,704998,5719.95724,1021,26671,29,0.0378,12325232,False,False
202117,2021-04-25,426,SP,São Paulo,3550308,city,703977,5711.67342,4516,26642,253,0.0378,12325232,False,False
202116,2021-04-24,425,SP,São Paulo,3550308,city,699461,5675.03314,0,26389,0,0.0377,12325232,False,True
202116,2021-04-23,424,SP,São Paulo,3550308,city,699461,5675.03314,4034,26389,231,0.0377,12325232,False,False
202116,2021-04-22,423,SP,São Paulo,3550308,city,695427,5642.30353,2172,26158,53,0.0376,12325232,False,False
202116,2021-04-21,422,SP,São Paulo,3550308,city,693255,5624.68114,3904,26105,289,0.0377,12325232,False,False
202116,2021-04-20,421,SP,São Paulo,3550308,city,689351,5593.00628,3986,25816,223,0.0374,12325232,False,False
202116,2021-04-19,420,SP,São Paulo,3550308,city,685365,5560.66612,1126,25593,45,0.0373,12325232,False,False
202116,2021-04-18,419,SP,São Paulo,3550308,city,684239,5551.53039,930,25548,22,0.0373,12325232,False,False
202115,2021-04-17,418,SP,São Paulo,3550308,city,683309,5543.98489,3723,25526,207,0.0374,12325232,False,False
202115,2021-04-16,417,SP,São Paulo,3550308,city,679586,5513.77856,4256,25319,196,0.0373,12325232,False,False
202115,2021-04-15,416,SP,São Paulo,3550308,city,675330,5479.24777,4161,25123,291,0.0372,12325232,False,False
202115,2021-04-14,415,SP,São Paulo,3550308,city,671169,5445.48776,4072,24832,227,0.037,12325232,False,False
202115,2021-04-13,414,SP,São Paulo,3550308,city,667097,5412.44984,3885,24605,323,0.0369,12325232,False,False
202115,2021-04-12,413,SP,São Paulo,3550308,city,663212,5380.92914,1331,24282,41,0.0366,12325232,False,False
202115,2021-04-11,412,SP,São Paulo,3550308,city,661881,5370.13015,1689,24241,106,0.0366,12325232,False,False
202114,2021-04-10,411,SP,São Paulo,3550308,city,660192,5356.42656,3679,24135,153,0.0366,12325232,False,False
202114,2021-04-09,410,SP,São Paulo,3550308,city,656513,5326.57722,4397,23982,232,0.0365,12325232,False,False
202114,2021-04-08,409,SP,São Paulo,3550308,city,652116,5290.90243,4671,23750,347,0.0364,12325232,False,False
202114,2021-04-07,408,SP,São Paulo,3550308,city,647445,5253.00457,5123,23403,181,0.0361,12325232,False,False
202114,2021-04-06,407,SP,São Paulo,3550308,city,642322,5211.43943,6740,23222,378,0.0362,12325232,False,False
202114,2021-04-05,406,SP,São Paulo,3550308,city,635582,5156.75486,1126,22844,50,0.0359,12325232,False,False
202114,2021-04-04,405,SP,São Paulo,3550308,city,634456,5147.61913,1359,22794,60,0.0359,12325232,False,False
202113,2021-04-03,404,SP,São Paulo,3550308,city,633097,5136.59297,1311,22734,61,0.0359,12325232,False,False
202113,2021-04-02,403,SP,São Paulo,3550308,city,631786,5125.95625,3743,22673,248,0.0359,12325232,False,False
202113,2021-04-01,402,SP,São Paulo,3550308,city,628043,5095.58765,8646,22425,297,0.0357,12325232,False,False
202113,2021-03-31,401,SP,São Paulo,3550308,city,619397,5025.43887,8348,22128,291,0.0357,12325232,False,False
202113,2021-03-30,400,SP,São Paulo,3550308,city,611049,4957.7079,4748,21837,279,0.0357,12325232,False,False
202113,2021-03-29,399,SP,São Paulo,3550308,city,606301,4919.18529,1242,21558,118,0.0356,12325232,False,False
202113,2021-03-28,398,SP,São Paulo,3550308,city,605059,4909.1084,2010,21440,32,0.0354,12325232,False,False
202112,2021-03-27,397,SP,São Paulo,3550308,city,603049,4892.8004,3709,21408,277,0.0355,12325232,False,False
202112,2021-03-26,396,SP,São Paulo,3550308,city,599340,4862.70766,4241,21131,288,0.0353,12325232,False,False
202112,2021-03-25,395,SP,São Paulo,3550308,city,595099,4828.29857,4214,20843,143,0.035,12325232,False,False
202112,2021-03-24,394,SP,São Paulo,3550308,city,590885,4794.10854,4491,20700,66,0.035,12325232,False,False
202112,2021-03-23,393,SP,São Paulo,3550308,city,586394,4757.67109,4149,20634,246,0.0352,12325232,False,False
202112,2021-03-22,392,SP,São Paulo,3550308,city,582245,4724.00844,1232,20388,20,0.035,12325232,False,False
202112,2021-03-21,391,SP,São Paulo,3550308,city,581013,4714.01269,1633,20368,16,0.0351,12325232,False,False
202111,2021-03-20,390,SP,São Paulo,3550308,city,579380,4700.76344,4049,20352,116,0.0351,12325232,False,False
202111,2021-03-19,389,SP,São Paulo,3550308,city,575331,4667.91213,3973,20236,160,0.0352,12325232,False,False
202111,2021-03-18,388,SP,São Paulo,3550308,city,571358,4635.67745,3741,20076,179,0.0351,12325232,False,False
202111,2021-03-17,387,SP,São Paulo,3550308,city,567617,4605.32508,3971,19897,108,0.0351,12325232,False,False
202111,2021-03-16,386,SP,São Paulo,3550308,city,563646,4573.10662,3829,19789,154,0.0351,12325232,False,False
202111,2021-03-15,385,SP,São Paulo,3550308,city,559817,4542.04026,1303,19635,35,0.0351,12325232,False,False
202111,2021-03-14,384,SP,São Paulo,3550308,city,558514,4531.46845,1645,19600,34,0.0351,12325232,False,False
202110,2021-03-13,383,SP,São Paulo,3550308,city,556869,4518.12185,3118,19566,93,0.0351,12325232,False,False
202110,2021-03-12,382,SP,São Paulo,3550308,city,553751,4492.82415,3097,19473,86,0.0352,12325232,False,False
202110,2021-03-11,381,SP,São Paulo,3550308,city,550654,4467.69684,3270,19387,87,0.0352,12325232,False,False
202110,2021-03-10,380,SP,São Paulo,3550308,city,547384,4441.16589,3321,19300,93,0.0353,12325232,False,False
202110,2021-03-09,379,SP,São Paulo,3550308,city,544063,4414.22117,3313,19207,90,0.0353,12325232,False,False
202110,2021-03-08,378,SP,São Paulo,3550308,city,540750,4387.34135,1067,19117,65,0.0354,12325232,False,False
202110,2021-03-07,377,SP,São Paulo,3550308,city,539683,4378.68431,1350,19052,9,0.0353,12325232,False,False
202109,2021-03-06,376,SP,São Paulo,3550308,city,538333,4367.73117,2716,19043,70,0.0354,12325232,False,False
202109,2021-03-05,375,SP,São Paulo,3550308,city,535617,4345.69507,2862,18973,74,0.0354,12325232,False,False
202109,2021-03-04,374,SP,São Paulo,3550308,city,532755,4322.47442,2572,18899,63,0.0355,12325232,False,False
202109,2021-03-03,373,SP,São Paulo,3550308,city,530183,4301.60666,2668,18836,67,0.0355,12325232,False,False
202109,2021-03-02,372,SP,São Paulo,3550308,city,527515,4279.96,1920,18769,102,0.0356,12325232,False,False
202109,2021-03-01,371,SP,São Paulo,3550308,city,525595,4264.3822,737,18667,25,0.0355,12325232,False,False
202109,2021-02-28,370,SP,São Paulo,3550308,city,524858,4258.4026,857,18642,19,0.0355,12325232,False,False
202108,2021-02-27,369,SP,São Paulo,3550308,city,524001,4251.44938,1914,18623,50,0.0355,12325232,False,False
202108,2021-02-26,368,SP,São Paulo,3550308,city,522087,4235.92027,2133,18573,44,0.0356,12325232,False,False
202108,2021-02-25,367,SP,São Paulo,3550308,city,519954,4218.6143,2592,18529,60,0.0356,12325232,False,False
202108,2021-02-24,366,SP,São Paulo,3550308,city,517362,4197.58427,2449,18469,78,0.0357,12325232,False,False
202108,2021-02-23,365,SP,São Paulo,3550308,city,514913,4177.71446,2282,18391,70,0.0357,12325232,False,False
202108,2021-02-22,364,SP,São Paulo,3550308,city,512631,4159.1996,707,18321,15,0.0357,12325232,False,False
202108,2021-02-21,363,SP,São Paulo,3550308,city,511924,4153.4634,829,18306,20,0.0358,12325232,False,False
202107,2021-02-20,362,SP,São Paulo,3550308,city,511095,4146.73736,2151,18286,50,0.0358,12325232,False,False
202107,2021-02-19,361,SP,São Paulo,3550308,city,508944,4129.28536,2139,18236,44,0.0358,12325232,False,False
202107,2021-02-18,360,SP,São Paulo,3550308,city,506805,4111.93071,2495,18192,48,0.0359,12325232,False,False
202107,2021-02-17,359,SP,São Paulo,3550308,city,504310,4091.68769,2685,18144,63,0.036,12325232,False,False
202107,2021-02-16,358,SP,São Paulo,3550308,city,501625,4069.90311,2347,18081,71,0.036,12325232,False,False
202107,2021-02-15,357,SP,São Paulo,3550308,city,499278,4050.86087,552,18010,10,0.0361,12325232,False,False
202107,2021-02-14,356,SP,São Paulo,3550308,city,498726,4046.38225,585,18000,18,0.0361,12325232,False,False
202106,2021-02-13,355,SP,São Paulo,3550308,city,498141,4041.63589,2203,17982,28,0.0361,12325232,False,False
202106,2021-02-12,354,SP,São Paulo,3550308,city,495938,4023.76199,2529,17954,61,0.0362,12325232,False,False
202106,2021-02-11,353,SP,São Paulo,3550308,city,493409,4003.2431,2153,17893,71,0.0363,12325232,False,False
202106,2021-02-10,352,SP,São Paulo,3550308,city,491256,3985.77487,2810,17822,63,0.0363,12325232,False,False
202106,2021-02-09,351,SP,São Paulo,3550308,city,488446,3962.97611,2737,17759,93,0.0364,12325232,False,False
202106,2021-02-08,350,SP,São Paulo,3550308,city,485709,3940.76963,554,17666,16,0.0364,12325232,False,False
202106,2021-02-07,349,SP,São Paulo,3550308,city,485155,3936.27479,802,17650,18,0.0364,12325232,False,False
202105,2021-02-06,348,SP,São Paulo,3550308,city,484353,3929.76781,2419,17632,49,0.0364,12325232,False,False
202105,2021-02-05,347,SP,São Paulo,3550308,city,481934,3910.14141,2422,17583,60,0.0365,12325232,False,False
202105,2021-02-04,346,SP,São Paulo,3550308,city,479512,3890.49066,3213,17523,49,0.0365,12325232,False,False
202105,2021-02-03,345,SP,São Paulo,3550308,city,476299,3864.42219,3036,17474,62,0.0367,12325232,False,False
202105,2021-02-02,344,SP,São Paulo,3550308,city,473263,3839.78979,3138,17412,71,0.0368,12325232,False,False
202105,2021-02-01,343,SP,São Paulo,3550308,city,470125,3814.32982,468,17341,8,0.0369,12325232,False,False
202105,2021-01-31,342,SP,São Paulo,3550308,city,469657,3810.53273,764,17333,24,0.0369,12325232,False,False
202104,2021-01-30,341,SP,São Paulo,3550308,city,468893,3804.33407,2721,17309,59,0.0369,12325232,False,False
202104,2021-01-29,340,SP,São Paulo,3550308,city,466172,3782.2574,3267,17250,51,0.037,12325232,False,False
202104,2021-01-28,339,SP,São Paulo,3550308,city,462905,3755.7508,3545,17199,68,0.0372,12325232,False,False
202104,2021-01-27,338,SP,São Paulo,3550308,city,459360,3726.98867,3293,17131,108,0.0373,12325232,False,False
202104,2021-01-26,337,SP,São Paulo,3550308,city,456067,3700.27112,1167,17023,19,0.0373,12325232,False,False
202104,2021-01-25,336,SP,São Paulo,3550308,city,454900,3690.80274,545,17004,16,0.0374,12325232,False,False
202104,2021-01-24,335,SP,São Paulo,3550308,city,454355,3686.38091,894,16988,12,0.0374,12325232,False,False
202103,2021-01-23,334,SP,São Paulo,3550308,city,453461,3679.1275,3001,16976,61,0.0374,12325232,False,False
202103,2021-01-22,333,SP,São Paulo,3550308,city,450460,3654.77907,1716,16915,60,0.0376,12325232,False,False
202103,2021-01-21,332,SP,São Paulo,3550308,city,448744,3640.85642,2868,16855,83,0.0376,12325232,False,False
202103,2021-01-20,331,SP,São Paulo,3550308,city,445876,3617.58708,3399,16772,105,0.0376,12325232,False,False
202103,2021-01-19,330,SP,São Paulo,3550308,city,442477,3590.0095,3466,16667,75,0.0377,12325232,False,False
202103,2021-01-18,329,SP,São Paulo,3550308,city,439011,3561.88833,642,16592,12,0.0378,12325232,False,False
202103,2021-01-17,328,SP,São Paulo,3550308,city,438369,3556.6795,1140,16580,19,0.0378,12325232,False,False
202102,2021-01-16,327,SP,São Paulo,3550308,city,437229,3547.43018,3061,16561,75,0.0379,12325232,False,False
202102,2021-01-15,326,SP,São Paulo,3550308,city,434168,3522.59495,3466,16486,98,0.038,12325232,False,False
202102,2021-01-14,325,SP,São Paulo,3550308,city,430702,3494.47378,2870,16388,97,0.038,12325232,False,False
202102,2021-01-13,324,SP,São Paulo,3550308,city,427832,3471.18821,3580,16291,83,0.0381,12325232,False,False
202102,2021-01-12,323,SP,São Paulo,3550308,city,424252,3442.1421,2638,16208,66,0.0382,12325232,False,False
202102,2021-01-11,322,SP,São Paulo,3550308,city,421614,3420.73886,675,16142,12,0.0383,12325232,False,False
202102,2021-01-10,321,SP,São Paulo,3550308,city,420939,3415.26228,943,16130,17,0.0383,12325232,False,False
202101,2021-01-09,320,SP,São Paulo,3550308,city,419996,3407.61131,2775,16113,73,0.0384,12325232,False,False
202101,2021-01-08,319,SP,São Paulo,3550308,city,417221,3385.09652,3329,16040,70,0.0384,12325232,False,False
202101,2021-01-07,318,SP,São Paulo,3550308,city,413892,3358.08689,3127,15970,60,0.0386,12325232,False,False
202101,2021-01-06,317,SP,São Paulo,3550308,city,410765,3332.71617,3208,15910,74,0.0387,12325232,False,False
202101,2021-01-05,316,SP,São Paulo,3550308,city,407557,3306.68826,2981,15836,93,0.0389,12325232,False,False
202101,2021-01-04,315,SP,São Paulo,3550308,city,404576,3282.50211,551,15743,18,0.0389,12325232,False,False
202101,2021-01-03,314,SP,São Paulo,3550308,city,404025,3278.0316,637,15725,9,0.0389,12325232,False,False
202053,2021-01-02,313,SP,São Paulo,3550308,city,403388,3272.86334,1670,15716,37,0.039,12325232,False,False
202053,2021-01-01,312,SP,São Paulo,3550308,city,401718,3259.3139,0,15679,0,0.039,12325232,False,True
202053,2020-12-31,311,SP,São Paulo,3550308,city,401718,3259.3139,5872,15679,138,0.039,12325232,False,False
202053,2020-12-30,310,SP,São Paulo,3550308,city,395846,3211.6718,0,15541,0,0.0393,12325232,False,True
202053,2020-12-29,309,SP,São Paulo,3550308,city,395846,3211.6718,3445,15541,64,0.0393,12325232,False,False
202053,2020-12-28,308,SP,São Paulo,3550308,city,392401,3183.721,484,15477,14,0.0394,12325232,False,False
202053,2020-12-27,307,SP,São Paulo,3550308,city,391917,3179.7941,660,15463,7,0.0395,12325232,False,False
202052,2020-12-26,306,SP,São Paulo,3550308,city,391257,3174.43923,423,15456,7,0.0395,12325232,False,False
202052,2020-12-25,305,SP,São Paulo,3550308,city,390834,3171.00725,1012,15449,9,0.0395,12325232,False,False
202052,2020-12-24,304,SP,São Paulo,3550308,city,389822,3162.79645,2298,15440,56,0.0396,12325232,False,False
202052,2020-12-23,303,SP,São Paulo,3550308,city,387524,3144.15177,2413,15384,50,0.0397,12325232,False,False
202052,2020-12-22,302,SP,São Paulo,3550308,city,385111,3124.57404,2351,15334,54,0.0398,12325232,False,False
202052,2020-12-21,301,SP,São Paulo,3550308,city,382760,3105.49935,730,15280,14,0.0399,12325232,False,False
202052,2020-12-20,300,SP,São Paulo,3550308,city,382030,3099.57654,0,15266,0,0.04,12325232,False,False
202051,2020-12-19,299,SP,São Paulo,3550308,city,382030,3099.57654,2498,15266,43,0.04,12325232,False,False
202051,2020-12-18,298,SP,São Paulo,3550308,city,379532,3079.30918,2025,15223,48,0.0401,12325232,False,False
202051,2020-12-17,297,SP,São Paulo,3550308,city,377507,3062.87947,4632,15175,121,0.0402,12325232,False,False
202051,2020-12-16,296,SP,São Paulo,3550308,city,372875,3025.29802,0,15054,0,0.0404,12325232,False,True
202051,2020-12-15,295,SP,São Paulo,3550308,city,372875,3025.29802,916,15054,70,0.0404,12325232,False,False
202051,2020-12-14,294,SP,São Paulo,3550308,city,371959,3017.86611,290,14984,16,0.0403,12325232,False,False
202051,2020-12-13,293,SP,São Paulo,3550308,city,371669,3015.51322,201,14968,24,0.0403,12325232,False,False
202050,2020-12-12,292,SP,São Paulo,3550308,city,371468,3013.88242,1848,14944,38,0.0402,12325232,False,False
202050,2020-12-11,291,SP,São Paulo,3550308,city,369620,2998.88878,1954,14906,38,0.0403,12325232,False,False
202050,2020-12-10,290,SP,São Paulo,3550308,city,367666,2983.03513,1996,14868,63,0.0404,12325232,False,False
202050,2020-12-09,289,SP,São Paulo,3550308,city,365670,2966.84071,2175,14805,44,0.0405,12325232,False,False
202050,2020-12-08,288,SP,São Paulo,3550308,city,363495,2949.19398,2045,14761,56,0.0406,12325232,False,False
202050,2020-12-07,287,SP,São Paulo,3550308,city,361450,2932.602,268,14705,7,0.0407,12325232,False,False
202050,2020-12-06,286,SP,São Paulo,3550308,city,361182,2930.4276,643,14698,5,0.0407,12325232,False,False
202049,2020-12-05,285,SP,São Paulo,3550308,city,360539,2925.21066,2149,14693,56,0.0408,12325232,False,False
202049,2020-12-04,284,SP,São Paulo,3550308,city,358390,2907.77488,2112,14637,35,0.0408,12325232,False,False
202049,2020-12-03,283,SP,São Paulo,3550308,city,356278,2890.6393,2075,14602,84,0.041,12325232,False,False
202049,2020-12-02,282,SP,São Paulo,3550308,city,354203,2873.80392,2059,14518,48,0.041,12325232,False,False
202049,2020-12-01,281,SP,São Paulo,3550308,city,352144,2857.09835,2232,14470,69,0.0411,12325232,False,False
202049,2020-11-30,280,SP,São Paulo,3550308,city,349912,2838.98916,290,14401,7,0.0412,12325232,False,False
202049,2020-11-29,279,SP,São Paulo,3550308,city,349622,2836.63626,589,14394,10,0.0412,12325232,False,False
202048,2020-11-28,278,SP,São Paulo,3550308,city,349033,2831.85744,1408,14384,44,0.0412,12325232,False,False
202048,2020-11-27,277,SP,São Paulo,3550308,city,347625,2820.43372,970,14340,32,0.0413,12325232,False,False
202048,2020-11-26,276,SP,São Paulo,3550308,city,346655,2812.56369,1210,14308,47,0.0413,12325232,False,False
202048,2020-11-25,275,SP,São Paulo,3550308,city,345445,2802.74643,2623,14261,45,0.0413,12325232,False,False
202048,2020-11-24,274,SP,São Paulo,3550308,city,342822,2781.46488,1482,14216,37,0.0415,12325232,False,False
202048,2020-11-23,273,SP,São Paulo,3550308,city,341340,2769.44077,305,14179,4,0.0415,12325232,False,False
202048,2020-11-22,272,SP,São Paulo,3550308,city,341035,2766.96617,498,14175,6,0.0416,12325232,False,False
202047,2020-11-21,271,SP,São Paulo,3550308,city,340537,2762.92568,3834,14169,68,0.0416,12325232,False,False
202047,2020-11-20,270,SP,São Paulo,3550308,city,336703,2731.81876,0,14101,0,0.0419,12325232,False,True
202047,2020-11-19,269,SP,São Paulo,3550308,city,336703,2731.81876,1970,14101,34,0.0419,12325232,False,False
202047,2020-11-18,268,SP,São Paulo,3550308,city,334733,2715.83529,1724,14067,60,0.042,12325232,False,False
202047,2020-11-17,267,SP,São Paulo,3550308,city,333009,2701.84772,2256,14007,49,0.0421,12325232,False,False
202047,2020-11-16,266,SP,São Paulo,3550308,city,330753,2683.54381,187,13958,6,0.0422,12325232,False,False
202047,2020-11-15,265,SP,São Paulo,3550308,city,330566,2682.02659,300,13952,3,0.0422,12325232,False,False
202046,2020-11-14,264,SP,São Paulo,3550308,city,330266,2679.59256,1313,13949,109,0.0422,12325232,False,False
202046,2020-11-13,263,SP,São Paulo,3550308,city,328953,2668.93962,1768,13840,0,0.0421,12325232,False,False
202046,2020-11-12,262,SP,São Paulo,3550308,city,327185,2654.59506,1777,13840,73,0.0423,12325232,False,False
202046,2020-11-11,261,SP,São Paulo,3550308,city,325408,2640.17748,946,13767,52,0.0423,12325232,False,False
202046,2020-11-10,260,SP,São Paulo,3550308,city,324462,2632.50217,5306,13715,0,0.0423,12325232,False,False
202046,2020-11-09,259,SP,São Paulo,3550308,city,319156,2589.45227,0,13715,0,0.043,12325232,False,True
202046,2020-11-08,258,SP,São Paulo,3550308,city,319156,2589.45227,0,13715,0,0.043,12325232,False,True
202045,2020-11-07,257,SP,São Paulo,3550308,city,319156,2589.45227,0,13715,0,0.043,12325232,False,True
202045,2020-11-06,256,SP,São Paulo,3550308,city,319156,2589.45227,0,13715,0,0.043,12325232,False,True
202045,2020-11-05,255,SP,São Paulo,3550308,city,319156,2589.45227,623,13715,55,0.043,12325232,False,False
202045,2020-11-04,254,SP,São Paulo,3550308,city,318533,2584.3976,1000,13660,54,0.0429,12325232,False,False
202045,2020-11-03,253,SP,São Paulo,3550308,city,317533,2576.28416,187,13606,1,0.0428,12325232,False,False
202045,2020-11-02,252,SP,São Paulo,3550308,city,317346,2574.76695,376,13605,8,0.0429,12325232,False,False
202045,2020-11-01,251,SP,São Paulo,3550308,city,316970,2571.7163,0,13597,0,0.0429,12325232,False,True
202044,2020-10-31,250,SP,São Paulo,3550308,city,316970,2571.7163,705,13597,16,0.0429,12325232,False,False
202044,2020-10-30,249,SP,São Paulo,3550308,city,316265,2565.99632,1256,13581,48,0.0429,12325232,False,False
202044,2020-10-29,248,SP,São Paulo,3550308,city,315009,2555.80585,1289,13533,36,0.043,12325232,False,False
202044,2020-10-28,247,SP,São Paulo,3550308,city,313720,2545.34763,1088,13497,46,0.043,12325232,False,False
202044,2020-10-27,246,SP,São Paulo,3550308,city,312632,2536.52021,1331,13451,19,0.043,12325232,False,False
202044,2020-10-26,245,SP,São Paulo,3550308,city,311301,2525.72122,185,13432,1,0.0431,12325232,False,False
202044,2020-10-25,244,SP,São Paulo,3550308,city,311116,2524.22023,423,13431,4,0.0432,12325232,False,False
202043,2020-10-24,243,SP,São Paulo,3550308,city,310693,2520.78825,1186,13427,32,0.0432,12325232,False,False
202043,2020-10-23,242,SP,São Paulo,3550308,city,309507,2511.16571,1430,13395,19,0.0433,12325232,False,False
202043,2020-10-22,241,SP,São Paulo,3550308,city,308077,2499.5635,847,13376,18,0.0434,12325232,False,False
202043,2020-10-21,240,SP,São Paulo,3550308,city,307230,2492.69142,802,13358,21,0.0435,12325232,False,False
202043,2020-10-20,239,SP,São Paulo,3550308,city,306428,2486.18444,888,13337,43,0.0435,12325232,False,False
202043,2020-10-19,238,SP,São Paulo,3550308,city,305540,2478.97971,69,13294,4,0.0435,12325232,False,False
202043,2020-10-18,237,SP,São Paulo,3550308,city,305471,2478.41988,92,13290,7,0.0435,12325232,False,False
202042,2020-10-17,236,SP,São Paulo,3550308,city,305379,2477.67344,2081,13283,65,0.0435,12325232,False,False
202042,2020-10-16,235,SP,São Paulo,3550308,city,303298,2460.78938,0,13218,0,0.0436,12325232,False,True
202042,2020-10-15,234,SP,São Paulo,3550308,city,303298,2460.78938,1075,13218,22,0.0436,12325232,False,False
202042,2020-10-14,233,SP,São Paulo,3550308,city,302223,2452.06743,1014,13196,54,0.0437,12325232,False,False
202042,2020-10-13,232,SP,São Paulo,3550308,city,301209,2443.84041,188,13142,8,0.0436,12325232,False,False
202042,2020-10-12,231,SP,São Paulo,3550308,city,301021,2442.31508,116,13134,6,0.0436,12325232,False,False
202042,2020-10-11,230,SP,São Paulo,3550308,city,300905,2441.37392,418,13128,4,0.0436,12325232,False,False
202041,2020-10-10,229,SP,São Paulo,3550308,city,300487,2437.98251,1210,13124,30,0.0437,12325232,False,False
202041,2020-10-09,228,SP,São Paulo,3550308,city,299277,2428.16525,872,13094,38,0.0438,12325232,False,False
202041,2020-10-08,227,SP,São Paulo,3550308,city,298405,2421.09033,1812,13056,94,0.0438,12325232,False,False
202041,2020-10-07,226,SP,São Paulo,3550308,city,296593,2406.38878,0,12962,0,0.0437,12325232,False,True
202041,2020-10-06,225,SP,São Paulo,3550308,city,296593,2406.38878,1359,12962,71,0.0437,12325232,False,False
202041,2020-10-05,224,SP,São Paulo,3550308,city,295234,2395.36262,0,12891,0,0.0437,12325232,False,True
202041,2020-10-04,223,SP,São Paulo,3550308,city,295234,2395.36262,0,12891,0,0.0437,12325232,False,True
202040,2020-10-03,222,SP,São Paulo,3550308,city,295234,2395.36262,1099,12891,51,0.0437,12325232,False,False
202040,2020-10-02,221,SP,São Paulo,3550308,city,294135,2386.44595,925,12840,43,0.0437,12325232,False,False
202040,2020-10-01,220,SP,São Paulo,3550308,city,293210,2378.94102,1143,12797,67,0.0436,12325232,False,False
202040,2020-09-30,219,SP,São Paulo,3550308,city,292067,2369.66736,1228,12730,64,0.0436,12325232,False,False
202040,2020-09-29,218,SP,São Paulo,3550308,city,290839,2359.70406,1373,12666,61,0.0435,12325232,False,False
202040,2020-09-28,217,SP,São Paulo,3550308,city,289466,2348.56431,158,12605,3,0.0435,12325232,False,False
202040,2020-09-27,216,SP,São Paulo,3550308,city,289308,2347.28239,123,12602,9,0.0436,12325232,False,False
202039,2020-09-26,215,SP,São Paulo,3550308,city,289185,2346.28444,1104,12593,46,0.0435,12325232,False,False
202039,2020-09-25,214,SP,São Paulo,3550308,city,288081,2337.3272,1219,12547,43,0.0436,12325232,False,False
202039,2020-09-24,213,SP,São Paulo,3550308,city,286862,2327.43692,1387,12504,26,0.0436,12325232,False,False
202039,2020-09-23,212,SP,São Paulo,3550308,city,285475,2316.18358,1223,12478,50,0.0437,12325232,False,False
202039,2020-09-22,211,SP,São Paulo,3550308,city,284252,2306.26085,1526,12428,44,0.0437,12325232,False,False
202039,2020-09-21,210,SP,São Paulo,3550308,city,282726,2293.87974,228,12384,4,0.0438,12325232,False,False
202039,2020-09-20,209,SP,São Paulo,3550308,city,282498,2292.02988,281,12380,4,0.0438,12325232,False,False
202038,2020-09-19,208,SP,São Paulo,3550308,city,282217,2289.75,1443,12376,68,0.0439,12325232,False,False
202038,2020-09-18,207,SP,São Paulo,3550308,city,280774,2278.04231,1581,12308,42,0.0438,12325232,False,False
202038,2020-09-17,206,SP,São Paulo,3550308,city,279193,2265.21497,1510,12266,53,0.0439,12325232,False,False
202038,2020-09-16,205,SP,São Paulo,3550308,city,277683,2252.96368,1442,12213,85,0.044,12325232,False,False
202038,2020-09-15,204,SP,São Paulo,3550308,city,276241,2241.2641,1501,12128,60,0.0439,12325232,False,False
202038,2020-09-14,203,SP,São Paulo,3550308,city,274740,2229.08583,273,12068,11,0.0439,12325232,False,False
202038,2020-09-13,202,SP,São Paulo,3550308,city,274467,2226.87086,294,12057,9,0.0439,12325232,False,False
202037,2020-09-12,201,SP,São Paulo,3550308,city,274173,2224.48551,1316,12048,45,0.0439,12325232,False,False
202037,2020-09-11,200,SP,São Paulo,3550308,city,272857,2213.80823,1352,12003,70,0.044,12325232,False,False
202037,2020-09-10,199,SP,São Paulo,3550308,city,271505,2202.83886,1505,11933,77,0.044,12325232,False,False
202037,2020-09-09,198,SP,São Paulo,3550308,city,270000,2190.62814,1653,11856,116,0.0439,12325232,False,False
202037,2020-09-08,197,SP,São Paulo,3550308,city,268347,2177.21662,580,11740,9,0.0437,12325232,False,False
202037,2020-09-07,196,SP,São Paulo,3550308,city,267767,2172.51083,0,11731,0,0.0438,12325232,False,True
202037,2020-09-06,195,SP,São Paulo,3550308,city,267767,2172.51083,290,11731,14,0.0438,12325232,False,False
202036,2020-09-05,194,SP,São Paulo,3550308,city,267477,2170.15793,1245,11717,51,0.0438,12325232,False,False
202036,2020-09-04,193,SP,São Paulo,3550308,city,266232,2160.0567,1166,11666,55,0.0438,12325232,False,False
202036,2020-09-03,192,SP,São Paulo,3550308,city,265066,2150.59644,2496,11611,57,0.0438,12325232,False,False
202036,2020-09-02,191,SP,São Paulo,3550308,city,262570,2130.34529,1579,11554,76,0.044,12325232,False,False
202036,2020-09-01,190,SP,São Paulo,3550308,city,260991,2117.53418,3042,11478,70,0.044,12325232,False,False
202036,2020-08-31,189,SP,São Paulo,3550308,city,257949,2092.8531,171,11408,8,0.0442,12325232,False,False
202036,2020-08-30,188,SP,São Paulo,3550308,city,257778,2091.4657,1267,11400,56,0.0442,12325232,False,False
202035,2020-08-29,187,SP,São Paulo,3550308,city,256511,2081.18598,0,11344,0,0.0442,12325232,False,True
202035,2020-08-28,186,SP,São Paulo,3550308,city,256511,2081.18598,2365,11344,66,0.0442,12325232,False,False
202035,2020-08-27,185,SP,São Paulo,3550308,city,254146,2061.9977,2083,11278,63,0.0444,12325232,False,False
202035,2020-08-26,184,SP,São Paulo,3550308,city,252063,2045.09741,1892,11215,74,0.0445,12325232,False,False
202035,2020-08-25,183,SP,São Paulo,3550308,city,250171,2029.74678,2441,11141,110,0.0445,12325232,False,False
202035,2020-08-24,182,SP,São Paulo,3550308,city,247730,2009.94188,327,11031,8,0.0445,12325232,False,False
202035,2020-08-23,181,SP,São Paulo,3550308,city,247403,2007.28879,911,11023,20,0.0446,12325232,False,False
202034,2020-08-22,180,SP,São Paulo,3550308,city,246492,1999.89745,3903,11003,67,0.0446,12325232,False,False
202034,2020-08-21,179,SP,São Paulo,3550308,city,242589,1968.2307,825,10936,73,0.0451,12325232,False,False
202034,2020-08-20,178,SP,São Paulo,3550308,city,241764,1961.53711,1649,10863,102,0.0449,12325232,False,False
202034,2020-08-19,177,SP,São Paulo,3550308,city,240115,1948.15805,2181,10761,61,0.0448,12325232,False,False
202034,2020-08-18,176,SP,São Paulo,3550308,city,237934,1930.46265,1771,10700,75,0.045,12325232,False,False
202034,2020-08-17,175,SP,São Paulo,3550308,city,236163,1916.09375,297,10625,20,0.045,12325232,False,False
202034,2020-08-16,174,SP,São Paulo,3550308,city,235866,1913.68406,347,10605,13,0.045,12325232,False,False
202033,2020-08-15,173,SP,São Paulo,3550308,city,235519,1910.8687,1532,10592,29,0.045,12325232,False,False
202033,2020-08-14,172,SP,São Paulo,3550308,city,233987,1898.43891,2784,10563,110,0.0451,12325232,False,False
202033,2020-08-13,171,SP,São Paulo,3550308,city,231203,1875.8511,7063,10453,142,0.0452,12325232,False,False
202033,2020-08-12,170,SP,São Paulo,3550308,city,224140,1818.54589,6896,10311,90,0.046,12325232,False,False
202033,2020-08-11,169,SP,São Paulo,3550308,city,217244,1762.59562,2915,10221,114,0.047,12325232,False,False
202033,2020-08-10,168,SP,São Paulo,3550308,city,214329,1738.94495,235,10107,8,0.0472,12325232,False,False
202033,2020-08-09,167,SP,São Paulo,3550308,city,214094,1737.0383,587,10099,14,0.0472,12325232,False,False
202032,2020-08-08,166,SP,São Paulo,3550308,city,213507,1732.27571,2038,10085,73,0.0472,12325232,False,False
202032,2020-08-07,165,SP,São Paulo,3550308,city,211469,1715.74052,1910,10012,103,0.0473,12325232,False,False
202032,2020-08-06,164,SP,São Paulo,3550308,city,209559,1700.24386,3457,9909,103,0.0473,12325232,False,False
202032,2020-08-05,163,SP,São Paulo,3550308,city,206102,1672.1957,2823,9806,104,0.0476,12325232,False,False
202032,2020-08-04,162,SP,São Paulo,3550308,city,203279,1649.29147,2574,9702,58,0.0477,12325232,False,False
202032,2020-08-03,161,SP,São Paulo,3550308,city,200705,1628.40748,261,9644,10,0.0481,12325232,False,False
202032,2020-08-02,160,SP,São Paulo,3550308,city,200444,1626.28987,770,9634,15,0.0481,12325232,False,False
202031,2020-08-01,159,SP,São Paulo,3550308,city,199674,1620.04253,2114,9619,70,0.0482,12325232,False,False
202031,2020-07-31,158,SP,São Paulo,3550308,city,197560,1602.89072,3876,9549,79,0.0483,12325232,False,False
202031,2020-07-30,157,SP,São Paulo,3550308,city,193684,1571.44304,4857,9470,74,0.0489,12325232,False,False
202031,2020-07-29,156,SP,São Paulo,3550308,city,188827,1532.03607,3119,9396,78,0.0498,12325232,False,False
202031,2020-07-28,155,SP,São Paulo,3550308,city,185708,1506.73026,3681,9318,77,0.0502,12325232,False,False
202031,2020-07-27,154,SP,São Paulo,3550308,city,182027,1476.8647,2250,9241,19,0.0508,12325232,False,False
202031,2020-07-26,153,SP,São Paulo,3550308,city,179777,1458.60946,662,9222,17,0.0513,12325232,False,False
202030,2020-07-25,152,SP,São Paulo,3550308,city,179115,1453.23837,2925,9205,49,0.0514,12325232,False,False
202030,2020-07-24,151,SP,São Paulo,3550308,city,176190,1429.50656,2480,9156,58,0.052,12325232,False,False
202030,2020-07-23,150,SP,São Paulo,3550308,city,173710,1409.38524,2591,9098,73,0.0524,12325232,False,False
202030,2020-07-22,149,SP,São Paulo,3550308,city,171119,1388.36332,3318,9025,105,0.0527,12325232,False,False
202030,2020-07-21,148,SP,São Paulo,3550308,city,167801,1361.44293,1453,8920,121,0.0532,12325232,False,False
202030,2020-07-20,147,SP,São Paulo,3550308,city,166348,1349.65411,275,8799,21,0.0529,12325232,False,False
202030,2020-07-19,146,SP,São Paulo,3550308,city,166073,1347.42291,979,8778,8,0.0529,12325232,False,False
202029,2020-07-18,145,SP,São Paulo,3550308,city,165094,1339.47986,1470,8770,74,0.0531,12325232,False,False
202029,2020-07-17,144,SP,São Paulo,3550308,city,163624,1327.5531,1382,8696,111,0.0531,12325232,False,False
202029,2020-07-16,143,SP,São Paulo,3550308,city,162242,1316.34033,1916,8585,134,0.0529,12325232,False,False
202029,2020-07-15,142,SP,São Paulo,3550308,city,160326,1300.79499,1524,8451,115,0.0527,12325232,False,False
202029,2020-07-14,141,SP,São Paulo,3550308,city,158802,1288.43011,4789,8336,105,0.0525,12325232,False,False
202029,2020-07-13,140,SP,São Paulo,3550308,city,154013,1249.57486,1207,8231,19,0.0534,12325232,False,False
202029,2020-07-12,139,SP,São Paulo,3550308,city,152806,1239.78194,1441,8212,36,0.0537,12325232,False,False
202028,2020-07-11,138,SP,São Paulo,3550308,city,151365,1228.09047,1934,8176,87,0.054,12325232,False,False
202028,2020-07-10,137,SP,São Paulo,3550308,city,149431,1212.39909,2692,8089,125,0.0541,12325232,False,False
202028,2020-07-09,136,SP,São Paulo,3550308,city,146739,1190.55771,2166,7964,100,0.0543,12325232,False,False
202028,2020-07-08,135,SP,São Paulo,3550308,city,144573,1172.98401,2071,7864,121,0.0544,12325232,False,False
202028,2020-07-07,134,SP,São Paulo,3550308,city,142502,1156.18108,2271,7743,109,0.0543,12325232,False,False
202028,2020-07-06,133,SP,São Paulo,3550308,city,140231,1137.75546,360,7634,13,0.0544,12325232,False,False
202028,2020-07-05,132,SP,São Paulo,3550308,city,139871,1134.83462,2109,7621,24,0.0545,12325232,False,False
202027,2020-07-04,131,SP,São Paulo,3550308,city,137762,1117.72338,688,7597,118,0.0551,12325232,False,False
202027,2020-07-03,130,SP,São Paulo,3550308,city,137074,1112.14134,2090,7479,109,0.0546,12325232,False,False
202027,2020-07-02,129,SP,São Paulo,3550308,city,134984,1095.18425,5656,7370,112,0.0546,12325232,False,False
202027,2020-07-01,128,SP,São Paulo,3550308,city,129328,1049.29465,2209,7258,96,0.0561,12325232,False,False
202027,2020-06-30,127,SP,São Paulo,3550308,city,127119,1031.37207,2107,7162,136,0.0563,12325232,False,False
202027,2020-06-29,126,SP,São Paulo,3550308,city,125012,1014.27705,907,7026,23,0.0562,12325232,False,False
202027,2020-06-28,125,SP,São Paulo,3550308,city,124105,1006.91817,1346,7003,21,0.0564,12325232,False,False
202026,2020-06-27,124,SP,São Paulo,3550308,city,122759,995.99748,1596,6982,102,0.0569,12325232,False,False
202026,2020-06-26,123,SP,São Paulo,3550308,city,121163,983.04843,3852,6880,86,0.0568,12325232,False,False
202026,2020-06-25,122,SP,São Paulo,3550308,city,117311,951.79547,4050,6794,119,0.0579,12325232,False,False
202026,2020-06-24,121,SP,São Paulo,3550308,city,113261,918.93605,3047,6675,92,0.0589,12325232,False,False
202026,2020-06-23,120,SP,São Paulo,3550308,city,110214,894.21441,2483,6583,179,0.0597,12325232,False,False
202026,2020-06-22,119,SP,São Paulo,3550308,city,107731,874.06874,1191,6404,17,0.0594,12325232,False,False
202026,2020-06-21,118,SP,São Paulo,3550308,city,106540,864.40564,949,6387,16,0.0599,12325232,False,False
202025,2020-06-20,117,SP,São Paulo,3550308,city,105591,856.70598,184,6371,116,0.0603,12325232,False,False
202025,2020-06-19,116,SP,São Paulo,3550308,city,105407,855.21311,6877,6255,158,0.0593,12325232,False,False
202025,2020-06-18,115,SP,São Paulo,3550308,city,98530,799.417,398,6097,138,0.0619,12325232,False,False
202025,2020-06-17,114,SP,São Paulo,3550308,city,98132,796.18785,456,5959,140,0.0607,12325232,False,False
202025,2020-06-16,113,SP,São Paulo,3550308,city,97676,792.48813,4228,5819,167,0.0596,12325232,False,False
202025,2020-06-15,112,SP,São Paulo,3550308,city,93448,758.18451,2250,5652,29,0.0605,12325232,False,False
202025,2020-06-14,111,SP,São Paulo,3550308,city,91198,739.92928,3173,5623,24,0.0617,12325232,False,False
202024,2020-06-13,110,SP,São Paulo,3550308,city,88025,714.18534,2403,5599,119,0.0636,12325232,False,False
202024,2020-06-12,109,SP,São Paulo,3550308,city,85622,694.68875,2546,5480,123,0.064,12325232,False,False
202024,2020-06-11,108,SP,São Paulo,3550308,city,83076,674.03194,2619,5357,125,0.0645,12325232,False,False
202024,2020-06-10,107,SP,São Paulo,3550308,city,80457,652.78284,2431,5232,159,0.065,12325232,False,False
202024,2020-06-09,106,SP,São Paulo,3550308,city,78026,633.05908,2327,5073,136,0.065,12325232,False,False
202024,2020-06-08,105,SP,São Paulo,3550308,city,75699,614.17911,903,4937,17,0.0652,12325232,False,False
202024,2020-06-07,104,SP,São Paulo,3550308,city,74796,606.85267,935,4920,19,0.0658,12325232,False,False
202023,2020-06-06,103,SP,São Paulo,3550308,city,73861,599.26661,2408,4901,96,0.0664,12325232,False,False
202023,2020-06-05,102,SP,São Paulo,3550308,city,71453,579.72945,2106,4805,130,0.0672,12325232,False,False
202023,2020-06-04,101,SP,São Paulo,3550308,city,69347,562.64255,2570,4675,111,0.0674,12325232,False,False
202023,2020-06-03,100,SP,São Paulo,3550308,city,66777,541.79102,2334,4564,121,0.0683,12325232,False,False
202023,2020-06-02,99,SP,São Paulo,3550308,city,64443,522.85426,3317,4443,139,0.0689,12325232,False,False
202023,2020-06-01,98,SP,São Paulo,3550308,city,61126,495.94198,995,4304,24,0.0704,12325232,False,False
202023,2020-05-31,97,SP,São Paulo,3550308,city,60131,487.86911,1512,4280,41,0.0712,12325232,False,False
202022,2020-05-30,96,SP,São Paulo,3550308,city,58619,475.6016,2878,4239,123,0.0723,12325232,False,False
202022,2020-05-29,95,SP,São Paulo,3550308,city,55741,452.25112,3022,4116,158,0.0738,12325232,False,False
202022,2020-05-28,94,SP,São Paulo,3550308,city,52719,427.73231,3455,3958,132,0.0751,12325232,False,False
202022,2020-05-27,93,SP,São Paulo,3550308,city,49264,399.70039,1710,3826,135,0.0777,12325232,False,False
202022,2020-05-26,92,SP,São Paulo,3550308,city,47554,385.82641,1350,3691,136,0.0776,12325232,False,False
202022,2020-05-25,91,SP,São Paulo,3550308,city,46204,374.87327,677,3555,21,0.0769,12325232,False,False
202022,2020-05-24,90,SP,São Paulo,3550308,city,45527,369.38047,640,3534,43,0.0776,12325232,False,False
202021,2020-05-23,89,SP,São Paulo,3550308,city,44887,364.18787,1914,3491,139,0.0778,12325232,False,False
202021,2020-05-22,88,SP,São Paulo,3550308,city,42973,348.65875,1522,3352,114,0.078,12325232,False,False
202021,2020-05-21,87,SP,São Paulo,3550308,city,41451,336.3101,1985,3238,103,0.0781,12325232,False,False
202021,2020-05-20,86,SP,São Paulo,3550308,city,39466,320.20493,1826,3135,106,0.0794,12325232,False,False
202021,2020-05-19,85,SP,São Paulo,3550308,city,37640,305.38979,1452,3029,173,0.0805,12325232,False,False
202021,2020-05-18,84,SP,São Paulo,3550308,city,36188,293.60908,257,2856,21,0.0789,12325232,False,False
202021,2020-05-17,83,SP,São Paulo,3550308,city,35931,291.52392,502,2835,43,0.0789,12325232,False,False
202020,2020-05-16,82,SP,São Paulo,3550308,city,35429,287.45098,1437,2792,118,0.0788,12325232,False,False
202020,2020-05-15,81,SP,São Paulo,3550308,city,33992,275.79197,2119,2674,78,0.0787,12325232,False,False
202020,2020-05-14,80,SP,São Paulo,3550308,city,31873,258.59959,1471,2596,102,0.0814,12325232,False,False
202020,2020-05-13,79,SP,São Paulo,3550308,city,30402,246.66473,1720,2494,89,0.082,12325232,False,False
202020,2020-05-12,78,SP,São Paulo,3550308,city,28682,232.70962,911,2405,124,0.0839,12325232,False,False
202020,2020-05-11,77,SP,São Paulo,3550308,city,27771,225.31827,464,2281,15,0.0821,12325232,False,False
202020,2020-05-10,76,SP,São Paulo,3550308,city,27307,221.55364,520,2266,43,0.083,12325232,False,False
202019,2020-05-09,75,SP,São Paulo,3550308,city,26787,217.33465,1420,2223,113,0.083,12325232,False,False
202019,2020-05-08,74,SP,São Paulo,3550308,city,25367,205.81357,1094,2110,124,0.0832,12325232,False,False
202019,2020-05-07,73,SP,São Paulo,3550308,city,24273,196.93747,1086,1986,76,0.0818,12325232,False,False
202019,2020-05-06,72,SP,São Paulo,3550308,city,23187,188.12628,2047,1910,109,0.0824,12325232,False,False
202019,2020-05-05,71,SP,São Paulo,3550308,city,21140,171.51807,1067,1801,118,0.0852,12325232,False,False
202019,2020-05-04,70,SP,São Paulo,3550308,city,20073,162.86103,251,1683,10,0.0838,12325232,False,False
202019,2020-05-03,69,SP,São Paulo,3550308,city,19822,160.82456,328,1673,12,0.0844,12325232,False,False
202018,2020-05-02,68,SP,São Paulo,3550308,city,19494,158.16335,407,1661,54,0.0852,12325232,False,False
202018,2020-05-01,67,SP,São Paulo,3550308,city,19087,154.86118,938,1607,85,0.0842,12325232,False,False
202018,2020-04-30,66,SP,São Paulo,3550308,city,18149,147.25078,1511,1522,83,0.0839,12325232,False,False
202018,2020-04-29,65,SP,São Paulo,3550308,city,16638,134.99137,1241,1439,118,0.0865,12325232,False,False
202018,2020-04-28,64,SP,São Paulo,3550308,city,15397,124.9226,1408,1321,149,0.0858,12325232,False,False
202018,2020-04-27,63,SP,São Paulo,3550308,city,13989,113.49888,476,1172,58,0.0838,12325232,False,False
202018,2020-04-26,62,SP,São Paulo,3550308,city,13513,109.63688,415,1114,15,0.0824,12325232,False,False
202017,2020-04-25,61,SP,São Paulo,3550308,city,13098,106.2698,1298,1099,89,0.0839,12325232,False,False
202017,2020-04-24,60,SP,São Paulo,3550308,city,11800,95.73856,575,1010,98,0.0856,12325232,False,False
202017,2020-04-23,59,SP,São Paulo,3550308,city,11225,91.07334,534,912,134,0.0812,12325232,False,False
202017,2020-04-22,58,SP,São Paulo,3550308,city,10691,86.74076,349,778,25,0.0728,12325232,False,False
202017,2020-04-21,57,SP,São Paulo,3550308,city,10342,83.90917,527,753,38,0.0728,12325232,False,False
202017,2020-04-20,56,SP,São Paulo,3550308,city,9815,79.63339,147,715,15,0.0728,12325232,False,False
202017,2020-04-19,55,SP,São Paulo,3550308,city,9668,78.44071,240,700,14,0.0724,12325232,False,False
202016,2020-04-18,54,SP,São Paulo,3550308,city,9428,76.49349,684,686,43,0.0728,12325232,False,False
202016,2020-04-17,53,SP,São Paulo,3550308,city,8744,70.9439,836,643,40,0.0735,12325232,False,False
202016,2020-04-16,52,SP,São Paulo,3550308,city,7908,64.16106,144,603,45,0.0763,12325232,False,False
202016,2020-04-15,51,SP,São Paulo,3550308,city,7764,62.99273,1059,558,46,0.0719,12325232,False,False
202016,2020-04-14,50,SP,São Paulo,3550308,city,6705,54.4006,287,512,56,0.0764,12325232,False,False
202016,2020-04-13,49,SP,São Paulo,3550308,city,6418,52.07204,66,456,11,0.0711,12325232,False,False
202016,2020-04-12,48,SP,São Paulo,3550308,city,6352,51.53656,221,445,23,0.0701,12325232,False,False
202015,2020-04-11,47,SP,São Paulo,3550308,city,6131,49.74349,149,422,13,0.0688,12325232,False,False
202015,2020-04-10,46,SP,São Paulo,3550308,city,5982,48.53458,505,409,25,0.0684,12325232,False,False
202015,2020-04-09,45,SP,São Paulo,3550308,city,5477,44.4373,530,384,45,0.0701,12325232,False,False
202015,2020-04-08,44,SP,São Paulo,3550308,city,4947,40.13718,689,339,43,0.0685,12325232,False,False
202015,2020-04-07,43,SP,São Paulo,3550308,city,4258,34.54702,504,296,52,0.0695,12325232,False,False
202015,2020-04-06,42,SP,São Paulo,3550308,city,3754,30.45784,142,244,24,0.065,12325232,False,False
202015,2020-04-05,41,SP,São Paulo,3550308,city,3612,29.30574,116,220,8,0.0609,12325232,False,False
202014,2020-04-04,40,SP,São Paulo,3550308,city,3496,28.36458,294,212,26,0.0606,12325232,False,False
202014,2020-04-03,39,SP,São Paulo,3550308,city,3202,25.97923,387,186,22,0.0581,12325232,False,False
202014,2020-04-02,38,SP,São Paulo,3550308,city,2815,22.83933,397,164,20,0.0583,12325232,False,False
202014,2020-04-01,37,SP,São Paulo,3550308,city,2418,19.61829,533,144,23,0.0596,12325232,False,False
202014,2020-03-31,36,SP,São Paulo,3550308,city,1885,15.29383,652,121,18,0.0642,12325232,False,False
202014,2020-03-30,35,SP,São Paulo,3550308,city,1233,10.00387,189,103,41,0.0835,12325232,False,False
202014,2020-03-29,34,SP,São Paulo,3550308,city,1044,8.47043,0,62,0,0.0594,12325232,False,True
202013,2020-03-28,33,SP,São Paulo,3550308,city,1044,8.47043,0,62,0,0.0594,12325232,False,True
202013,2020-03-27,32,SP,São Paulo,3550308,city,1044,8.47043,145,62,9,0.0594,12325232,False,False
202013,2020-03-26,31,SP,São Paulo,3550308,city,899,7.29398,177,53,9,0.059,12325232,False,False
202013,2020-03-25,30,SP,São Paulo,3550308,city,722,5.8579,416,44,35,0.0609,12325232,False,False
202013,2020-03-24,29,SP,São Paulo,3550308,city,306,2.48271,0,9,0,0.0294,12325232,False,True
202013,2020-03-23,28,SP,São Paulo,3550308,city,306,2.48271,0,9,0,0.0294,12325232,False,True
202013,2020-03-22,27,SP,São Paulo,3550308,city,306,2.48271,0,9,0,0.0294,12325232,False,True
202012,2020-03-21,26,SP,São Paulo,3550308,city,306,2.48271,0,9,0,0.0294,12325232,False,True
202012,2020-03-20,25,SP,São Paulo,3550308,city,306,2.48271,47,9,4,0.0294,12325232,False,False
202012,2020-03-19,24,SP,São Paulo,3550308,city,259,2.10138,45,5,2,0.0193,12325232,False,False
202012,2020-03-18,23,SP,São Paulo,3550308,city,214,1.73628,58,3,2,0.014,12325232,False,False
202012,2020-03-17,22,SP,São Paulo,3550308,city,156,1.2657,11,1,1,0.0064,12325232,False,False
202012,2020-03-16,21,SP,São Paulo,3550308,city,145,1.17645,83,0,0,0.0,12325232,False,False
202012,2020-03-15,20,SP,São Paulo,3550308,city,62,0.50303,0,0,0,0.0,12325232,False,True
202011,2020-03-14,19,SP,São Paulo,3550308,city,62,0.50303,18,0,0,0.0,12325232,False,False
202011,2020-03-13,18,SP,São Paulo,3550308,city,44,0.35699,0,0,0,0.0,12325232,False,True
202011,2020-03-12,17,SP,São Paulo,3550308,city,44,0.35699,15,0,0,0.0,12325232,False,False
202011,2020-03-11,16,SP,São Paulo,3550308,city,29,0.23529,11,0,0,0.0,12325232,False,False
202011,2020-03-10,15,SP,São Paulo,3550308,city,18,0.14604,3,0,0,0.0,12325232,False,False
202011,2020-03-09,14,SP,São Paulo,3550308,city,15,0.1217,0,0,0,0.0,12325232,False,False
202011,2020-03-08,13,SP,São Paulo,3550308,city,15,0.1217,3,0,0,0.0,12325232,False,False
202010,2020-03-07,12,SP,São Paulo,3550308,city,12,0.09736,6,0,0,0.0,12325232,False,False
202010,2020-03-06,11,SP,São Paulo,3550308,city,6,0.04868,0,0,0,0.0,12325232,False,True
202010,2020-03-05,10,SP,São Paulo,3550308,city,6,0.04868,3,0,0,0.0,12325232,False,False
202010,2020-03-04,9,SP,São Paulo,3550308,city,3,0.02434,1,0,0,0.0,12325232,False,False
202010,2020-03-03,8,SP,São Paulo,3550308,city,2,0.01623,0,0,0,0.0,12325232,False,False
202010,2020-03-02,7,SP,São Paulo,3550308,city,2,0.01623,0,0,0,0.0,12325232,False,False
202010,2020-03-01,6,SP,São Paulo,3550308,city,2,0.01623,0,0,0,0.0,12325232,False,False
202009,2020-02-29,5,SP,São Paulo,3550308,city,2,0.01623,0,0,0,0.0,12325232,False,False
202009,2020-02-28,4,SP,São Paulo,3550308,city,2,0.01623,1,0,0,0.0,12325232,False,False
202009,2020-02-27,3,SP,São Paulo,3550308,city,1,0.00811,0,0,0,0.0,12325232,False,False
202009,2020-02-26,2,SP,São Paulo,3550308,city,1,0.00811,0,0,0,0.0,12325232,False,False
202009,2020-02-25,1,SP,São Paulo,3550308,city,1,0.00811,1,0,0,0.0,12325232,False,False
